{
    "l1": 100.42033386230469,
    "l2": 248.9866943359375,
    "r_base": 34.91358184814453,
    "r_mobile": 23.487672805786133,
    "d_phi": [
        0.4703996479511261,
        0.012055382132530212,
        -0.11261331290006638
    ],
    "theta_offset": [
        -9.410379409790039,
        -9.910487174987793,
        -9.657796859741211
    ]
}