{
    "l1": 100.95817565917969,
    "l2": 250.9944305419922,
    "r_base": 35.20795822143555,
    "r_mobile": 23.1915340423584,
    "d_phi": [
        0.5518346428871155,
        0.19912494719028473,
        -0.6473102569580078
    ],
    "theta_offset": [
        -10.914905548095703,
        -10.16249942779541,
        -9.644309043884277
    ]
}